﻿<?xml version="1.0" encoding="utf-8" ?>
<Environments>
	<!-- environment[0] -->
	<Environment name ="Crystal Caves" description="Water was pumped out by the Penoled Mining Company before anyone realized that it was full of gargantuan selenite colums. Brothers Pedro and Juan Sanchez - two miners with the organization - became the first people to lay eyes on its crystals when they entered the drying cave on foot." initialTemp ="180" idealTemp="144"></Environment> 
	<!-- environment[1] -->
	<Environment name ="Fingal's Cave" description="Located in the uninhibited island of Staffa, this cave contributes to part of a vast network of caves. It was formed from the same lava flow that shaped the Giants Causeway, an area of about 40,000 interlocking basalt colums in Northern Island." initialTemp ="30" idealTemp="56"></Environment>
	<!-- environment[2] -->
	<Environment name ="Great Blue Hole" description="It's history sees the famous sinkhole being formed hundreds of thousands of years ago. It's creation more specifically occured during the last ice age and is the result of solid rock caverns eventually caving in on themselves. When the ocean levels rose, the deep chasm that was formed, filled with water." initialTemp="9" idealTemp="20"></Environment>
	<!-- environment[3] -->
	<Environment name ="Waitomo Cave" description="It gets its name from the Maori words 'wai', for water, and 'tomo', meanin hole in the ground. The caves formed over 30 million years ago and are home to thousands of glow worms whose light turns the main cave into a magical fairy grotto." initialTemp ="68" idealTemp="55"></Environment>
</Environments>