﻿<?xml version="1.0" encoding="utf-8" ?>
<Items>
	<!-- items[0] -->
	<Item name ="Brick" description="Requirements 3 limestone and 1 cool water" use ="You can use this item to craft shelter." quantity ="0" price="3.50" isEdible ="false" canEquip ="true" imageSource="brick.png"></Item>
	<!-- items[1] -->
	<Item name ="Plastic Bottle" description="You might encounter this item while exploring the different environments." use="Sell this for cash." quantity="1" price="0.50" isEdible="false" canEquip="true" imageSource="plasticBottle.png"></Item>
	<!-- items[2] -->
	<Item name="Duct Tape" description="This item cannot be crafted, use it wisely." use="For emergency use only" quantity="5" price="2.45" isEdible="false" canEquip="true" imageSource="ductape.png"></Item>
	<!-- items[3] -->
	<Item name ="Rope" description="Requires 5 wild grass and 2 silk" use ="Let's you explore hidden areas." quantity ="0" price="10.00" isEdible ="false" canEquip ="true" imageSource="rope.png"></Item>
	<!-- items[4] -->
	<Item name ="Cloth" description="Requires 3 wildgrass and 3 silk" use="You can use this item to craft a cooling suit." quantity="0" price="2.34" isEdible ="false" canEquip =" true" imageSource="cloth.png"></Item>
	<!-- items[5] -->
	<Item name ="Healing Potion" description="You need 3 wild thyme to craft this item." use ="This is a one-time-use item." quantity ="1" price="25.00" isEdible ="true" canEquip ="true" imageSource="healthPotion.png"></Item>
	<!-- items[6] -->
	<Item name ="Shelter" description="Requires 10 limestone and 5 crystal" use ="This item will let you recover health passively." quantity ="0" price="60.75" isEdible ="false" canEquip ="true" imageSource="shelter.png"></Item>
	<!-- items[7] -->
	<Item name ="Cooling Suit" description="Requires 5 wildgrass and 5 cool water " use ="You can use this item to explore the hidden areas of Crystal Cave" quantity ="0" price="30.78" isEdible ="false" canEquip ="true" imageSource="suit.png"></Item>

</Items>
