﻿<?xml version="1.0" encoding="utf-8" ?>
<Organisms>
	<!-- organism[0] -->
	<Organism name="Bubble Microbe" description="Suspended in an air bubble inside the selene crystals, they have laid dormant for up to 50,000 years." type="Microbe" health="2" isAlive="true" imageSource="GameAssets/bubbleMicrobe.png"></Organism>
	<!-- organism[1] -->
	<Organism name="Midnight Parrot Fish" description="A species of parrotfish that inhibits coral reefs." type="Fish" health="5" isAlive="true" imageSource="parrotFish.png"></Organism>
	<!-- organism[2] -->
	<Organism name="Bumblebee" description="This bee is always busy, look to them if you are looking to find nectar." type="Insect" health="5" isAlive="true" imageSource="bummblebee.png"></Organism>
	<!-- organism[3] -->
	<Organism name="Crystal Bumblebee" description="A special species that feeds on the nectar of the Crystal Flowers in the cave." type="Insect" health="5" isAlive="true" imageSource="crystalBummblebee.png"></Organism>
	<!-- organism[4] -->
	<Organism name="Wild Thyme" description="Grows abundantly in Staffa's thinner and rockier soils. This can be collected." type="Plant" health="3" isAlive="true" imageSource="wildthyme.png"></Organism>
	<!-- organism[5] -->
	<Organism name="Coral" description="Serve as the habitant for fish. There are about 150 corals found in the Great Blue Hole." type="Plant" health="5" isAlive="true" imageSource="Coral.png"></Organism>
	<!-- organism[6] -->
	<Organism name="Puffin" description="Colorful seabirds." type="Mammal" health="7" isAlive="true" imageSource="GameAssets/"></Organism>
	<!-- organism[7] -->
	<Organism name="Wild Buttercup" description="It can be used as a natural remedy for wart removal. This can be collected." type="Plant" health="5" isAlive="true" imageSource=""></Organism>
	<!-- organism[8] -->
	<Organism name="Sheep" description="During the summer, these sheep graze on the island near Fingal's Cave." type="Mammal" health="10" isAlive="true" imageSource=""></Organism>
	<!-- organism[9] -->
	<Organism name="Queen Angelfish" description="One of the most striking of all angelfish. Young queens resemble a juvenile blue angelfish but as they grow, they acquire their spectacular blue and yellow markings, with rainbow colors on the edges of their fins." type="Fish" health="8" isAlive="true" imageSource=""></Organism>
	<!-- organism[10] -->
	<Organism name="Loggerhead Turtle" description="Named for their large heads that support powerful jaw muscles, allowing them to crush hard-shelled prey like clams and sea urchins." type="Reptile" health="25" isAlive="true" imageSource=""></Organism>
	<!-- organism[11] -->
	<Organism name="Albino Spider" description="The web they weave protect the ant's colony from the winged ants. Eats flying ants that invade the colony." type="Insect" health="3" isAlive="" imageSource="spider.png"></Organism>
	<!-- organism[12] -->
	<Organism name="Albino Ants" description="It's sting is horrendously painful. They patrol the area while the spider provides protection against the nuptuals of flying ants." type="Insect" health="3" isAlive="true" imageSource="ant.png"></Organism>
	<!-- organism[13] -->
	<Organism name="Arachnocampa luminosa" description="Directly translates as 'glowing spider-worm' unique to New Zealand." type="Insect" health="3" isAlive="true" imageSource="GlowWorms.png"></Organism>
	<!-- organism[14] -->
	<Organism name = "Crystal Flower" description="A special flower only found in the Crystal Cave. This flower gives out a sweet aroma only detectable to the Crystal Bee." resourceAmount="3" resourceHealth ="5" imageSource="crystalFlower.png"></Organism>
</Organisms>
