﻿<?xml version="1.0" encoding="utf-8" ?>
<Resources>
	<!-- resources[0] -->
	<Resource name = "Selenite Crystal" description="A kind of gypsum, soft enough to scratch with a fingernail made of calcium and sulfate" resourceAmount="2" imageSource="Crystal.png"></Resource>
	<!-- resources[1] -->
	<Resource name = "Stalagmites" description="A mound or tapering colum rising from the floor of a cave, formed of calcium salts deposited by dripping water and often uniting with a stalactite." resourceAmount="4" isEdible ="false" imageSource="Stalagmites.png"></Resource>
	<!-- resources[2] -->
	<Resource name="Lead" description="A corrosion-resistnat metal often used to store corrosive liquids." resourceAmount="5" isEdible="false" imageSource="lead.png"></Resource>
	<!-- resources[3] -->
	<Resource name = "Stalactites" description="A tapering structure hanging like an icicle from the roof of a cave, formed of calcium salts deposited by dripping water." resourceAmount="5" isEdible ="false" imageSource="Stalactites.png"></Resource>
	<!-- resources[4] -->
	<Resource name = "Basalt" description="A dark-colored, fine-grained, ingenous rock composed mainly of plagioclase and pyroxene minerals." resourceAmount="6" isEdible ="false" imageSource="basalt.png"></Resource>
	<!-- resources[5] -->
	<Resource name = "Limestone" description="Composed of fossilized corals, seashells, fish skeletons, and many marine organisms on the sea beds." resourceAmount="5" isEdible ="false" imageSource="limestone.png"></Resource>
	<!-- resources[6] -->
	<Resource name = "Wild Thyme" description="A herb. The flowering parts of the plant are used to make medicine" resourceAmount="4" isEdible ="true" imageSource="wildthyme.png"></Resource>
	<!-- resources[7] -->
	<Resource name ="Wild Buttercup" description="Flowering in sweet-smelling, dense, mauve mats, it is a rich source for nectar for bumblebees and many other insects." resourceAmount="5" isEdible="true" imageSource="buttercup.png"></Resource>
	<!-- resources[8] -->
	<Resource name ="Wild Grass" description="Found outside Fingal's Cave. You can harvest this item to craft a rope!" resourceAmount="5" isEdible ="false" imageSource=""></Resource>
	<!-- resources[9] -->
	<Resource name ="Cool Water" description="Found at The Great Blue Hole. You can collect this item to craft a cooling suit!" resourceAmount="8" isEdible ="true" imageSource=""></Resource>
	<!-- resources[10] -->
	<Resource name ="Honey" description="Found outside Fingal's Cave. You might find this item near a buzy bumblebee." resourceAmount="5" isEdible ="true" imageSource="honey.png"></Resource>
	<!--resources [11] -->
	<Resource name ="Silk" description="Silk produced by the Albino Spider." resourceAmount="5" isEdible ="true" imageSource="silk.png"></Resource>
</Resources>
